{
    "app_name" : {
        "ja" : "盛岡市古地図アプリ",
        "en" : "Historical Map Application of Morioka"
    },
    "lang" : "ja",
    "fake_gps" : true,
    "fake_center" : {
        "ja" : "盛岡市",
        "en" : "Morioka"
    },
    "fake_radius" : 10,
    "home_position" : [141.149989,39.699952],
    "default_zoom" : 13,
    "zoom_restriction" : true,
    "min_zoom" : 10,
    "max_zoom" : 18,
    "start_from" : "morioka_ndl_affine",
    "sources" : [
        {
            "label" : "1644 (TMS)",
            "mapID" : "morioka_ndl_affine"
        },
        {
            "mapID" : "morioka_ndl2",
            "setting_file" : "maps/morioka_ndl.json",
            "label" : "1644 (Maplat)",
            "url" : "tiles/morioka_ndl/{z}/{x}/{y}.jpg",
            "thumbnail" : "tmbs/morioka_ndl_menu.jpg"
        },
        {
            "mapID" : "morioka"
        },
        "osm",
        {
            "mapID" : "mapbox",
            "style" : "mapbox://styles/moritoru/ck3xqi0hh1pob1cqpanp3jxxo",
            "maptype" : "mapbox"
        }
    ], 
    "pois" : "morioka_all_poi.json"
}